{"_id":{"$oid":"58bf0581da4ae30014627b45"},"name":"reports:send","created":1.48891379343e+12,"status":0,"started":1.488913793595e+12,"finished":1.488913793631e+12,"duration":36,"schedule":"every 1 hour starting on the 0 min","next":1.4889168e+12,"modified":1.488913793638e+12,"error":null}
{"_id":{"$oid":"58bf0581da4ae30014627b46"},"name":"server-stats:stats","created":1.488913793451e+12,"status":0,"started":1.488913793597e+12,"finished":1.488913793619e+12,"duration":22,"schedule":"every 1 day","next":1.4889312e+12,"modified":1.488913793632e+12,"error":null}
{"_id":{"$oid":"58bf0581da4ae30014627b47"},"name":"api:ping","created":1.488913793453e+12,"status":0,"started":1.488913793598e+12,"finished":1.488913793621e+12,"duration":23,"schedule":"every 1 day","next":1.4889312e+12,"modified":1.488913793633e+12,"error":null}
{"_id":{"$oid":"58bf0581da4ae30014627b48"},"name":"api:clear","created":1.488913793455e+12,"status":0,"started":1.4889137936e+12,"finished":1.488913793625e+12,"duration":25,"schedule":"every 1 day","next":1.4889312e+12,"modified":1.488913793633e+12,"error":null}
